{"count":1,"self":11.2049328,"total":11.427145999999999,"children":{"InitializeActuators":{"count":1,"self":0.0015199999999999999,"total":0.0015199999999999999,"children":null},"InitializeSensors":{"count":1,"self":0.0013989999999999999,"total":0.0013989999999999999,"children":null},"AgentSendState":{"count":523,"self":0.002944,"total":0.011597,"children":{"CollectObservations":{"count":105,"self":0.0062559999999999994,"total":0.0062559999999999994,"children":null},"WriteActionMask":{"count":105,"self":0.00035999999999999997,"total":0.00035999999999999997,"children":null},"RequestDecision":{"count":105,"self":0.0020369999999999997,"total":0.0020369999999999997,"children":null}}},"DecideAction":{"count":523,"self":0.039535,"total":0.039535,"children":null},"AgentAct":{"count":523,"self":0.167621,"total":0.167621,"children":null}},"gauges":{"CarBehavior.CumulativeReward":{"count":105,"max":-1.001,"min":-4.995,"runningAverage":-4.941344,"value":-4.975,"weightedAverage":-4.978096}},"metadata":{"timer_format_version":"0.1.0","start_time_seconds":"1737140380","unity_version":"6000.0.32f1","command_line_arguments":"\/Applications\/Unity\/Hub\/Editor\/6000.0.32f1\/Unity.app\/Contents\/MacOS\/Unity -projectpath \/Users\/loganvanwagoner\/CarGOSPACE -useHub -hubIPC -cloudEnvironment production","communication_protocol_version":"1.5.0","com.unity.ml-agents_version":"3.0.0","scene_name":"Curves","end_time_seconds":"1737140391"}}